{
  "GET Seller Product Id" : {
    "transaction" : "GET Seller Product Id",
    "sampleCount" : 1000,
    "errorCount" : 0,
    "errorPct" : 0.0,
    "meanResTime" : 1475.8699999999997,
    "medianResTime" : 1350.5,
    "minResTime" : 330.0,
    "maxResTime" : 7655.0,
    "pct1ResTime" : 2618.0,
    "pct2ResTime" : 2834.499999999999,
    "pct3ResTime" : 4092.8900000000012,
    "throughput" : 4.448438153364354,
    "receivedKBytesPerSec" : 3.4405888842427426,
    "sentKBytesPerSec" : 1.7593920430786751
  },
  "POST Seller Product" : {
    "transaction" : "POST Seller Product",
    "sampleCount" : 1000,
    "errorCount" : 0,
    "errorPct" : 0.0,
    "meanResTime" : 4349.748999999995,
    "medianResTime" : 3671.5,
    "minResTime" : 1443.0,
    "maxResTime" : 14744.0,
    "pct1ResTime" : 7499.499999999999,
    "pct2ResTime" : 9343.599999999995,
    "pct3ResTime" : 13041.380000000001,
    "throughput" : 4.426874670751197,
    "receivedKBytesPerSec" : 1.4439220117489253,
    "sentKBytesPerSec" : 694.7569618137791
  },
  "POST User Login" : {
    "transaction" : "POST User Login",
    "sampleCount" : 1000,
    "errorCount" : 0,
    "errorPct" : 0.0,
    "meanResTime" : 1041.6880000000012,
    "medianResTime" : 957.0,
    "minResTime" : 348.0,
    "maxResTime" : 5128.0,
    "pct1ResTime" : 1482.6999999999998,
    "pct2ResTime" : 1815.9499999999998,
    "pct3ResTime" : 3093.210000000002,
    "throughput" : 4.453470143936155,
    "receivedKBytesPerSec" : 2.2354332558429526,
    "sentKBytesPerSec" : 1.5265312700406155
  },
  "GET Buyer Product" : {
    "transaction" : "GET Buyer Product",
    "sampleCount" : 1000,
    "errorCount" : 0,
    "errorPct" : 0.0,
    "meanResTime" : 3359.4790000000044,
    "medianResTime" : 2833.0,
    "minResTime" : 1146.0,
    "maxResTime" : 17346.0,
    "pct1ResTime" : 5055.099999999999,
    "pct2ResTime" : 7509.899999999996,
    "pct3ResTime" : 12272.040000000008,
    "throughput" : 4.234596654668643,
    "receivedKBytesPerSec" : 1540.0574647999154,
    "sentKBytesPerSec" : 1.133085432987508
  },
  "GET Buyer Order" : {
    "transaction" : "GET Buyer Order",
    "sampleCount" : 1000,
    "errorCount" : 0,
    "errorPct" : 0.0,
    "meanResTime" : 1470.6710000000003,
    "medianResTime" : 1401.0,
    "minResTime" : 312.0,
    "maxResTime" : 6276.0,
    "pct1ResTime" : 2327.0,
    "pct2ResTime" : 2690.0999999999985,
    "pct3ResTime" : 3915.84,
    "throughput" : 4.319262615486284,
    "receivedKBytesPerSec" : 74.38495725009827,
    "sentKBytesPerSec" : 1.6745578694805223
  },
  "GET Buyer Product Id" : {
    "transaction" : "GET Buyer Product Id",
    "sampleCount" : 1000,
    "errorCount" : 0,
    "errorPct" : 0.0,
    "meanResTime" : 1001.1190000000008,
    "medianResTime" : 901.5,
    "minResTime" : 305.0,
    "maxResTime" : 5829.0,
    "pct1ResTime" : 1569.1999999999998,
    "pct2ResTime" : 1942.85,
    "pct3ResTime" : 2984.9700000000003,
    "throughput" : 4.269617826508349,
    "receivedKBytesPerSec" : 4.790811408845794,
    "sentKBytesPerSec" : 0.9840134834530961
  },
  "GET Buyer Order Id" : {
    "transaction" : "GET Buyer Order Id",
    "sampleCount" : 1000,
    "errorCount" : 0,
    "errorPct" : 0.0,
    "meanResTime" : 1244.4190000000003,
    "medianResTime" : 1157.0,
    "minResTime" : 312.0,
    "maxResTime" : 5598.0,
    "pct1ResTime" : 1918.9,
    "pct2ResTime" : 2365.749999999997,
    "pct3ResTime" : 3670.95,
    "throughput" : 4.368242874303811,
    "receivedKBytesPerSec" : 4.867348749590477,
    "sentKBytesPerSec" : 1.9239038440537293
  },
  "GET Seller Product" : {
    "transaction" : "GET Seller Product",
    "sampleCount" : 1000,
    "errorCount" : 0,
    "errorPct" : 0.0,
    "meanResTime" : 1209.5389999999998,
    "medianResTime" : 1061.0,
    "minResTime" : 307.0,
    "maxResTime" : 9237.0,
    "pct1ResTime" : 2028.8,
    "pct2ResTime" : 2517.1499999999987,
    "pct3ResTime" : 4342.0,
    "throughput" : 4.442213466125901,
    "receivedKBytesPerSec" : 11.795291420308912,
    "sentKBytesPerSec" : 1.7352396352054302
  },
  "POST Buyer Product" : {
    "transaction" : "POST Buyer Product",
    "sampleCount" : 1000,
    "errorCount" : 0,
    "errorPct" : 0.0,
    "meanResTime" : 1301.207999999997,
    "medianResTime" : 1215.0,
    "minResTime" : 316.0,
    "maxResTime" : 6502.0,
    "pct1ResTime" : 2232.2999999999997,
    "pct2ResTime" : 2741.7999999999997,
    "pct3ResTime" : 3710.95,
    "throughput" : 4.289084280506112,
    "receivedKBytesPerSec" : 1.4450528093502037,
    "sentKBytesPerSec" : 2.094279433840875
  },
  "Total" : {
    "transaction" : "Total",
    "sampleCount" : 12000,
    "errorCount" : 414,
    "errorPct" : 3.45,
    "meanResTime" : 1716.100999999993,
    "medianResTime" : 1294.0,
    "minResTime" : 296.0,
    "maxResTime" : 17346.0,
    "pct1ResTime" : 3178.8999999999996,
    "pct2ResTime" : 4157.899999999998,
    "pct3ResTime" : 8146.689999999993,
    "throughput" : 49.288398743145834,
    "receivedKBytesPerSec" : 1598.6088060655536,
    "sentKBytesPerSec" : 665.0730365183393
  },
  "DEL Seller Product Id" : {
    "transaction" : "DEL Seller Product Id",
    "sampleCount" : 1000,
    "errorCount" : 0,
    "errorPct" : 0.0,
    "meanResTime" : 1123.3490000000002,
    "medianResTime" : 1045.0,
    "minResTime" : 314.0,
    "maxResTime" : 5908.0,
    "pct1ResTime" : 1771.0,
    "pct2ResTime" : 2008.9499999999998,
    "pct3ResTime" : 3228.6000000000004,
    "throughput" : 4.454481876940483,
    "receivedKBytesPerSec" : 1.4877273456187943,
    "sentKBytesPerSec" : 2.1358892593532985
  },
  "PUT Buyer Order Id" : {
    "transaction" : "PUT Buyer Order Id",
    "sampleCount" : 1000,
    "errorCount" : 0,
    "errorPct" : 0.0,
    "meanResTime" : 1597.0209999999997,
    "medianResTime" : 1541.5,
    "minResTime" : 296.0,
    "maxResTime" : 7362.0,
    "pct1ResTime" : 2857.8,
    "pct2ResTime" : 3237.6499999999983,
    "pct3ResTime" : 3991.5400000000004,
    "throughput" : 4.39126138983423,
    "receivedKBytesPerSec" : 2.8431702162696237,
    "sentKBytesPerSec" : 2.0669804588868153
  },
  "POST User Register" : {
    "transaction" : "POST User Register",
    "sampleCount" : 1000,
    "errorCount" : 414,
    "errorPct" : 41.4,
    "meanResTime" : 1419.0999999999979,
    "medianResTime" : 1170.0,
    "minResTime" : 316.0,
    "maxResTime" : 11826.0,
    "pct1ResTime" : 2549.0,
    "pct2ResTime" : 3258.9999999999986,
    "pct3ResTime" : 5164.410000000001,
    "throughput" : 4.437147801393264,
    "receivedKBytesPerSec" : 2.1631962162222123,
    "sentKBytesPerSec" : 4.82636452694458
  }
}