{
  "GET Seller Product Id" : {
    "transaction" : "GET Seller Product Id",
    "sampleCount" : 1000,
    "errorCount" : 0,
    "errorPct" : 0.0,
    "meanResTime" : 2988.476999999997,
    "medianResTime" : 3081.5,
    "minResTime" : 307.0,
    "maxResTime" : 8316.0,
    "pct1ResTime" : 4824.9,
    "pct2ResTime" : 5204.95,
    "pct3ResTime" : 6097.080000000001,
    "throughput" : 4.886988393402566,
    "receivedKBytesPerSec" : 3.779780085522297,
    "sentKBytesPerSec" : 1.9328420891875382
  },
  "POST Seller Product" : {
    "transaction" : "POST Seller Product",
    "sampleCount" : 1000,
    "errorCount" : 0,
    "errorPct" : 0.0,
    "meanResTime" : 3943.1729999999943,
    "medianResTime" : 3945.0,
    "minResTime" : 1266.0,
    "maxResTime" : 10806.0,
    "pct1ResTime" : 5469.9,
    "pct2ResTime" : 5829.75,
    "pct3ResTime" : 7128.380000000003,
    "throughput" : 4.867435396963693,
    "receivedKBytesPerSec" : 1.5876205298690174,
    "sentKBytesPerSec" : 763.9056164728617
  },
  "POST User Login" : {
    "transaction" : "POST User Login",
    "sampleCount" : 1000,
    "errorCount" : 0,
    "errorPct" : 0.0,
    "meanResTime" : 1535.9240000000002,
    "medianResTime" : 1557.0,
    "minResTime" : 365.0,
    "maxResTime" : 4384.0,
    "pct1ResTime" : 2297.8,
    "pct2ResTime" : 2456.0,
    "pct3ResTime" : 3021.080000000001,
    "throughput" : 4.914512062669858,
    "receivedKBytesPerSec" : 2.4668546877073307,
    "sentKBytesPerSec" : 1.6845641933565625
  },
  "GET Buyer Product" : {
    "transaction" : "GET Buyer Product",
    "sampleCount" : 1000,
    "errorCount" : 0,
    "errorPct" : 0.0,
    "meanResTime" : 4270.363999999994,
    "medianResTime" : 3670.0,
    "minResTime" : 1606.0,
    "maxResTime" : 28478.0,
    "pct1ResTime" : 6911.599999999999,
    "pct2ResTime" : 8698.599999999999,
    "pct3ResTime" : 13029.460000000003,
    "throughput" : 4.734288081429755,
    "receivedKBytesPerSec" : 1721.7875266303704,
    "sentKBytesPerSec" : 1.2667919280388211
  },
  "GET Buyer Order" : {
    "transaction" : "GET Buyer Order",
    "sampleCount" : 1000,
    "errorCount" : 0,
    "errorPct" : 0.0,
    "meanResTime" : 2450.800999999998,
    "medianResTime" : 2344.0,
    "minResTime" : 310.0,
    "maxResTime" : 6236.0,
    "pct1ResTime" : 4092.2999999999997,
    "pct2ResTime" : 4504.799999999999,
    "pct3ResTime" : 5099.63,
    "throughput" : 4.759547652591098,
    "receivedKBytesPerSec" : 81.96740513031641,
    "sentKBytesPerSec" : 1.845254314529947
  },
  "GET Buyer Product Id" : {
    "transaction" : "GET Buyer Product Id",
    "sampleCount" : 1000,
    "errorCount" : 0,
    "errorPct" : 0.0,
    "meanResTime" : 1526.2610000000002,
    "medianResTime" : 1444.5,
    "minResTime" : 294.0,
    "maxResTime" : 4868.0,
    "pct1ResTime" : 2443.2999999999997,
    "pct2ResTime" : 2755.6499999999996,
    "pct3ResTime" : 3825.96,
    "throughput" : 4.769649764617784,
    "receivedKBytesPerSec" : 5.3518824019002285,
    "sentKBytesPerSec" : 1.099255219189255
  },
  "GET Buyer Order Id" : {
    "transaction" : "GET Buyer Order Id",
    "sampleCount" : 1000,
    "errorCount" : 0,
    "errorPct" : 0.0,
    "meanResTime" : 2375.487000000001,
    "medianResTime" : 2494.0,
    "minResTime" : 291.0,
    "maxResTime" : 4766.0,
    "pct1ResTime" : 3727.8,
    "pct2ResTime" : 4056.7999999999997,
    "pct3ResTime" : 4312.99,
    "throughput" : 4.759683576235852,
    "receivedKBytesPerSec" : 5.303514609848737,
    "sentKBytesPerSec" : 2.0963059500804384
  },
  "GET Seller Product" : {
    "transaction" : "GET Seller Product",
    "sampleCount" : 1000,
    "errorCount" : 0,
    "errorPct" : 0.0,
    "meanResTime" : 2259.6909999999975,
    "medianResTime" : 2293.0,
    "minResTime" : 317.0,
    "maxResTime" : 6244.0,
    "pct1ResTime" : 3582.0,
    "pct2ResTime" : 4052.4499999999994,
    "pct3ResTime" : 4845.88,
    "throughput" : 4.888947556259564,
    "receivedKBytesPerSec" : 12.981492583466556,
    "sentKBytesPerSec" : 1.9097451391638922
  },
  "POST Buyer Product" : {
    "transaction" : "POST Buyer Product",
    "sampleCount" : 1000,
    "errorCount" : 0,
    "errorPct" : 0.0,
    "meanResTime" : 3493.3469999999993,
    "medianResTime" : 3667.5,
    "minResTime" : 293.0,
    "maxResTime" : 7889.0,
    "pct1ResTime" : 5806.7,
    "pct2ResTime" : 6402.899999999997,
    "pct3ResTime" : 7310.99,
    "throughput" : 4.768580774989747,
    "receivedKBytesPerSec" : 1.6066019212611944,
    "sentKBytesPerSec" : 2.3284085815379627
  },
  "Total" : {
    "transaction" : "Total",
    "sampleCount" : 12000,
    "errorCount" : 517,
    "errorPct" : 4.3083334,
    "meanResTime" : 2820.3548333333283,
    "medianResTime" : 2520.0,
    "minResTime" : 291.0,
    "maxResTime" : 28478.0,
    "pct1ResTime" : 5010.499999999998,
    "pct2ResTime" : 6089.0,
    "pct3ResTime" : 8428.96,
    "throughput" : 55.040317032226106,
    "receivedKBytesPerSec" : 1785.0430518479786,
    "sentKBytesPerSec" : 742.6958301154815
  },
  "DEL Seller Product Id" : {
    "transaction" : "DEL Seller Product Id",
    "sampleCount" : 1000,
    "errorCount" : 0,
    "errorPct" : 0.0,
    "meanResTime" : 2169.9610000000016,
    "medianResTime" : 2227.5,
    "minResTime" : 324.0,
    "maxResTime" : 5234.0,
    "pct1ResTime" : 3426.3999999999987,
    "pct2ResTime" : 3726.0,
    "pct3ResTime" : 4337.87,
    "throughput" : 4.885245581295372,
    "receivedKBytesPerSec" : 1.6315956921904464,
    "sentKBytesPerSec" : 2.342437090250027
  },
  "PUT Buyer Order Id" : {
    "transaction" : "PUT Buyer Order Id",
    "sampleCount" : 1000,
    "errorCount" : 0,
    "errorPct" : 0.0,
    "meanResTime" : 4754.267999999996,
    "medianResTime" : 5181.0,
    "minResTime" : 298.0,
    "maxResTime" : 10610.0,
    "pct1ResTime" : 8027.299999999999,
    "pct2ResTime" : 8483.8,
    "pct3ResTime" : 9819.350000000002,
    "throughput" : 4.756355680277771,
    "receivedKBytesPerSec" : 3.0795545078360957,
    "sentKBytesPerSec" : 2.238831482318248
  },
  "POST User Register" : {
    "transaction" : "POST User Register",
    "sampleCount" : 1000,
    "errorCount" : 517,
    "errorPct" : 51.7,
    "meanResTime" : 2076.503999999997,
    "medianResTime" : 1897.5,
    "minResTime" : 334.0,
    "maxResTime" : 5868.0,
    "pct1ResTime" : 3429.5,
    "pct2ResTime" : 3849.95,
    "pct3ResTime" : 5402.920000000001,
    "throughput" : 4.888589055426823,
    "receivedKBytesPerSec" : 2.2530666730218325,
    "sentKBytesPerSec" : 5.320536954983428
  }
}