{
  "GET Seller Product Id" : {
    "transaction" : "GET Seller Product Id",
    "sampleCount" : 50,
    "errorCount" : 0,
    "errorPct" : 0.0,
    "meanResTime" : 348.8,
    "medianResTime" : 339.0,
    "minResTime" : 284.0,
    "maxResTime" : 573.0,
    "pct1ResTime" : 420.2,
    "pct2ResTime" : 461.15,
    "pct3ResTime" : 573.0,
    "throughput" : 1.0869092648145733,
    "receivedKBytesPerSec" : 0.8406563845050214,
    "sentKBytesPerSec" : 0.4298811057127951
  },
  "POST Seller Product" : {
    "transaction" : "POST Seller Product",
    "sampleCount" : 50,
    "errorCount" : 0,
    "errorPct" : 0.0,
    "meanResTime" : 1192.6000000000004,
    "medianResTime" : 1243.5,
    "minResTime" : 656.0,
    "maxResTime" : 1771.0,
    "pct1ResTime" : 1441.3999999999999,
    "pct2ResTime" : 1616.0999999999997,
    "pct3ResTime" : 1771.0,
    "throughput" : 1.0674864962958217,
    "receivedKBytesPerSec" : 0.34818407203398877,
    "sentKBytesPerSec" : 140.82096299958368
  },
  "POST User Login" : {
    "transaction" : "POST User Login",
    "sampleCount" : 50,
    "errorCount" : 0,
    "errorPct" : 0.0,
    "meanResTime" : 374.97999999999996,
    "medianResTime" : 366.0,
    "minResTime" : 346.0,
    "maxResTime" : 454.0,
    "pct1ResTime" : 430.09999999999997,
    "pct2ResTime" : 433.45,
    "pct3ResTime" : 454.0,
    "throughput" : 1.0878315166547006,
    "receivedKBytesPerSec" : 0.5460404292583164,
    "sentKBytesPerSec" : 0.37287974838457016
  },
  "GET Buyer Product" : {
    "transaction" : "GET Buyer Product",
    "sampleCount" : 50,
    "errorCount" : 0,
    "errorPct" : 0.0,
    "meanResTime" : 1697.14,
    "medianResTime" : 1082.5,
    "minResTime" : 663.0,
    "maxResTime" : 9018.0,
    "pct1ResTime" : 3612.699999999999,
    "pct2ResTime" : 5251.15,
    "pct3ResTime" : 9018.0,
    "throughput" : 0.9153485647334505,
    "receivedKBytesPerSec" : 332.8981494512485,
    "sentKBytesPerSec" : 0.24492725267281779
  },
  "GET Buyer Order" : {
    "transaction" : "GET Buyer Order",
    "sampleCount" : 50,
    "errorCount" : 0,
    "errorPct" : 0.0,
    "meanResTime" : 378.9400000000001,
    "medianResTime" : 339.5,
    "minResTime" : 292.0,
    "maxResTime" : 756.0,
    "pct1ResTime" : 538.0999999999999,
    "pct2ResTime" : 637.0499999999998,
    "pct3ResTime" : 756.0,
    "throughput" : 0.936855911560802,
    "receivedKBytesPerSec" : 16.13423242224096,
    "sentKBytesPerSec" : 0.3632146454000375
  },
  "GET Buyer Product Id" : {
    "transaction" : "GET Buyer Product Id",
    "sampleCount" : 50,
    "errorCount" : 0,
    "errorPct" : 0.0,
    "meanResTime" : 332.0,
    "medianResTime" : 314.5,
    "minResTime" : 282.0,
    "maxResTime" : 474.0,
    "pct1ResTime" : 407.7,
    "pct2ResTime" : 419.4,
    "pct3ResTime" : 474.0,
    "throughput" : 0.9423294383716547,
    "receivedKBytesPerSec" : 1.0573598873916321,
    "sentKBytesPerSec" : 0.2171774877497173
  },
  "GET Buyer Order Id" : {
    "transaction" : "GET Buyer Order Id",
    "sampleCount" : 50,
    "errorCount" : 0,
    "errorPct" : 0.0,
    "meanResTime" : 335.36000000000007,
    "medianResTime" : 318.5,
    "minResTime" : 282.0,
    "maxResTime" : 444.0,
    "pct1ResTime" : 405.09999999999997,
    "pct2ResTime" : 422.6999999999999,
    "pct3ResTime" : 444.0,
    "throughput" : 0.9350688210652304,
    "receivedKBytesPerSec" : 1.0419077390970974,
    "sentKBytesPerSec" : 0.41183206865275285
  },
  "GET Seller Product" : {
    "transaction" : "GET Seller Product",
    "sampleCount" : 50,
    "errorCount" : 0,
    "errorPct" : 0.0,
    "meanResTime" : 349.59999999999997,
    "medianResTime" : 337.5,
    "minResTime" : 285.0,
    "maxResTime" : 567.0,
    "pct1ResTime" : 433.79999999999995,
    "pct2ResTime" : 455.34999999999997,
    "pct3ResTime" : 567.0,
    "throughput" : 1.0862480990658268,
    "receivedKBytesPerSec" : 2.884285723984358,
    "sentKBytesPerSec" : 0.4243156636975885
  },
  "POST Buyer Product" : {
    "transaction" : "POST Buyer Product",
    "sampleCount" : 50,
    "errorCount" : 0,
    "errorPct" : 0.0,
    "meanResTime" : 348.32,
    "medianResTime" : 319.5,
    "minResTime" : 283.0,
    "maxResTime" : 555.0,
    "pct1ResTime" : 427.7,
    "pct2ResTime" : 438.79999999999995,
    "pct3ResTime" : 555.0,
    "throughput" : 0.9403445422402769,
    "receivedKBytesPerSec" : 0.31681529987587453,
    "sentKBytesPerSec" : 0.4591526085157602
  },
  "Total" : {
    "transaction" : "Total",
    "sampleCount" : 600,
    "errorCount" : 10,
    "errorPct" : 1.6666666,
    "meanResTime" : 553.0816666666674,
    "medianResTime" : 363.0,
    "minResTime" : 278.0,
    "maxResTime" : 9018.0,
    "pct1ResTime" : 1230.2999999999997,
    "pct2ResTime" : 1367.0,
    "pct3ResTime" : 3081.490000000006,
    "throughput" : 9.858368111465282,
    "receivedKBytesPerSec" : 319.78959251565016,
    "sentKBytesPerSec" : 112.47088700667082
  },
  "DEL Seller Product Id" : {
    "transaction" : "DEL Seller Product Id",
    "sampleCount" : 50,
    "errorCount" : 0,
    "errorPct" : 0.0,
    "meanResTime" : 338.90000000000003,
    "medianResTime" : 323.5,
    "minResTime" : 278.0,
    "maxResTime" : 485.0,
    "pct1ResTime" : 420.79999999999995,
    "pct2ResTime" : 445.3499999999999,
    "pct3ResTime" : 485.0,
    "throughput" : 1.088399834563225,
    "receivedKBytesPerSec" : 0.36350853849670217,
    "sentKBytesPerSec" : 0.521879217549359
  },
  "PUT Buyer Order Id" : {
    "transaction" : "PUT Buyer Order Id",
    "sampleCount" : 50,
    "errorCount" : 0,
    "errorPct" : 0.0,
    "meanResTime" : 357.3399999999999,
    "medianResTime" : 324.5,
    "minResTime" : 291.0,
    "maxResTime" : 556.0,
    "pct1ResTime" : 450.7,
    "pct2ResTime" : 499.9499999999996,
    "pct3ResTime" : 556.0,
    "throughput" : 0.9355587156649952,
    "receivedKBytesPerSec" : 0.6057377231307537,
    "sentKBytesPerSec" : 0.44037041108449965
  },
  "POST User Register" : {
    "transaction" : "POST User Register",
    "sampleCount" : 50,
    "errorCount" : 10,
    "errorPct" : 20.0,
    "meanResTime" : 583.0,
    "medianResTime" : 403.5,
    "minResTime" : 287.0,
    "maxResTime" : 1505.0,
    "pct1ResTime" : 1348.7,
    "pct2ResTime" : 1413.4999999999998,
    "pct3ResTime" : 1505.0,
    "throughput" : 1.0637845198076676,
    "receivedKBytesPerSec" : 0.5775394198651121,
    "sentKBytesPerSec" : 1.1619144863516446
  }
}