{
  "GET Seller Product Id" : {
    "transaction" : "GET Seller Product Id",
    "sampleCount" : 250,
    "errorCount" : 0,
    "errorPct" : 0.0,
    "meanResTime" : 646.3119999999998,
    "medianResTime" : 590.0,
    "minResTime" : 290.0,
    "maxResTime" : 1645.0,
    "pct1ResTime" : 1026.4,
    "pct2ResTime" : 1158.1499999999999,
    "pct3ResTime" : 1629.0,
    "throughput" : 3.335512534856106,
    "receivedKBytesPerSec" : 2.57981047617777,
    "sentKBytesPerSec" : 1.3192212662272687
  },
  "POST Seller Product" : {
    "transaction" : "POST Seller Product",
    "sampleCount" : 250,
    "errorCount" : 0,
    "errorPct" : 0.0,
    "meanResTime" : 1681.8480000000004,
    "medianResTime" : 1641.5,
    "minResTime" : 1263.0,
    "maxResTime" : 2673.0,
    "pct1ResTime" : 1967.1000000000001,
    "pct2ResTime" : 2070.2499999999995,
    "pct3ResTime" : 2255.1900000000005,
    "throughput" : 3.2875703540055756,
    "receivedKBytesPerSec" : 1.0723129865604124,
    "sentKBytesPerSec" : 433.37617962133766
  },
  "POST User Login" : {
    "transaction" : "POST User Login",
    "sampleCount" : 250,
    "errorCount" : 0,
    "errorPct" : 0.0,
    "meanResTime" : 533.3360000000002,
    "medianResTime" : 511.0,
    "minResTime" : 357.0,
    "maxResTime" : 1241.0,
    "pct1ResTime" : 682.0,
    "pct2ResTime" : 757.05,
    "pct3ResTime" : 957.2500000000002,
    "throughput" : 3.3285402353943656,
    "receivedKBytesPerSec" : 1.6707711728444372,
    "sentKBytesPerSec" : 1.1409351783431858
  },
  "GET Buyer Product" : {
    "transaction" : "GET Buyer Product",
    "sampleCount" : 250,
    "errorCount" : 0,
    "errorPct" : 0.0,
    "meanResTime" : 2777.3040000000005,
    "medianResTime" : 2279.5,
    "minResTime" : 1137.0,
    "maxResTime" : 15997.0,
    "pct1ResTime" : 3559.6000000000013,
    "pct2ResTime" : 6586.749999999995,
    "pct3ResTime" : 11974.27000000001,
    "throughput" : 3.2596224053405654,
    "receivedKBytesPerSec" : 1185.4743738672812,
    "sentKBytesPerSec" : 0.8722036514290185
  },
  "GET Buyer Order" : {
    "transaction" : "GET Buyer Order",
    "sampleCount" : 250,
    "errorCount" : 0,
    "errorPct" : 0.0,
    "meanResTime" : 629.1280000000004,
    "medianResTime" : 545.0,
    "minResTime" : 313.0,
    "maxResTime" : 1706.0,
    "pct1ResTime" : 1031.8,
    "pct2ResTime" : 1204.9499999999998,
    "pct3ResTime" : 1540.840000000001,
    "throughput" : 3.2762394013655367,
    "receivedKBytesPerSec" : 56.42234554988402,
    "sentKBytesPerSec" : 1.2701826585372247
  },
  "GET Buyer Product Id" : {
    "transaction" : "GET Buyer Product Id",
    "sampleCount" : 250,
    "errorCount" : 0,
    "errorPct" : 0.0,
    "meanResTime" : 526.7799999999999,
    "medianResTime" : 474.5,
    "minResTime" : 291.0,
    "maxResTime" : 1330.0,
    "pct1ResTime" : 731.9,
    "pct2ResTime" : 865.9999999999993,
    "pct3ResTime" : 1252.4000000000005,
    "throughput" : 3.2948060677148545,
    "receivedKBytesPerSec" : 3.697004074027703,
    "sentKBytesPerSec" : 0.7593498359186579
  },
  "GET Buyer Order Id" : {
    "transaction" : "GET Buyer Order Id",
    "sampleCount" : 250,
    "errorCount" : 0,
    "errorPct" : 0.0,
    "meanResTime" : 578.5160000000004,
    "medianResTime" : 565.0,
    "minResTime" : 302.0,
    "maxResTime" : 1415.0,
    "pct1ResTime" : 839.9,
    "pct2ResTime" : 916.8499999999999,
    "pct3ResTime" : 1242.7600000000011,
    "throughput" : 3.2724654754892333,
    "receivedKBytesPerSec" : 3.646370222200406,
    "sentKBytesPerSec" : 1.441290946724262
  },
  "GET Seller Product" : {
    "transaction" : "GET Seller Product",
    "sampleCount" : 250,
    "errorCount" : 0,
    "errorPct" : 0.0,
    "meanResTime" : 571.5599999999997,
    "medianResTime" : 510.5,
    "minResTime" : 286.0,
    "maxResTime" : 1366.0,
    "pct1ResTime" : 835.5,
    "pct2ResTime" : 1006.25,
    "pct3ResTime" : 1161.9900000000005,
    "throughput" : 3.3296041766554794,
    "receivedKBytesPerSec" : 8.84100952766235,
    "sentKBytesPerSec" : 1.3006266315060464
  },
  "POST Buyer Product" : {
    "transaction" : "POST Buyer Product",
    "sampleCount" : 250,
    "errorCount" : 0,
    "errorPct" : 0.0,
    "meanResTime" : 607.912,
    "medianResTime" : 555.5,
    "minResTime" : 283.0,
    "maxResTime" : 1262.0,
    "pct1ResTime" : 917.9,
    "pct2ResTime" : 1062.5,
    "pct3ResTime" : 1203.98,
    "throughput" : 3.291422552827332,
    "receivedKBytesPerSec" : 1.1089265436771774,
    "sentKBytesPerSec" : 1.6071399183727206
  },
  "Total" : {
    "transaction" : "Total",
    "sampleCount" : 3000,
    "errorCount" : 101,
    "errorPct" : 3.3666666,
    "meanResTime" : 883.8573333333334,
    "medianResTime" : 612.0,
    "minResTime" : 283.0,
    "maxResTime" : 15997.0,
    "pct1ResTime" : 1818.9,
    "pct2ResTime" : 2183.749999999999,
    "pct3ResTime" : 3137.7099999999937,
    "throughput" : 35.60408260147164,
    "receivedKBytesPerSec" : 1154.7824789898825,
    "sentKBytesPerSec" : 405.89423733088057
  },
  "DEL Seller Product Id" : {
    "transaction" : "DEL Seller Product Id",
    "sampleCount" : 250,
    "errorCount" : 0,
    "errorPct" : 0.0,
    "meanResTime" : 559.252,
    "medianResTime" : 516.0,
    "minResTime" : 299.0,
    "maxResTime" : 1172.0,
    "pct1ResTime" : 787.0,
    "pct2ResTime" : 960.1499999999999,
    "pct3ResTime" : 1166.49,
    "throughput" : 3.334444814938313,
    "receivedKBytesPerSec" : 1.1136524674891632,
    "sentKBytesPerSec" : 1.5988402384128044
  },
  "PUT Buyer Order Id" : {
    "transaction" : "PUT Buyer Order Id",
    "sampleCount" : 250,
    "errorCount" : 0,
    "errorPct" : 0.0,
    "meanResTime" : 659.8319999999998,
    "medianResTime" : 613.5,
    "minResTime" : 285.0,
    "maxResTime" : 1360.0,
    "pct1ResTime" : 1040.7,
    "pct2ResTime" : 1157.9499999999998,
    "pct3ResTime" : 1263.8000000000002,
    "throughput" : 3.269384178796082,
    "receivedKBytesPerSec" : 2.116798545450979,
    "sentKBytesPerSec" : 1.5389093497848745
  },
  "POST User Register" : {
    "transaction" : "POST User Register",
    "sampleCount" : 250,
    "errorCount" : 101,
    "errorPct" : 40.4,
    "meanResTime" : 834.508,
    "medianResTime" : 668.0,
    "minResTime" : 298.0,
    "maxResTime" : 2236.0,
    "pct1ResTime" : 1613.8000000000002,
    "pct2ResTime" : 1814.6999999999998,
    "pct3ResTime" : 1957.96,
    "throughput" : 3.277656868657734,
    "receivedKBytesPerSec" : 1.6064231627094423,
    "sentKBytesPerSec" : 3.5608669074651913
  }
}