{
  "GET Seller Product Id" : {
    "transaction" : "GET Seller Product Id",
    "sampleCount" : 500,
    "errorCount" : 0,
    "errorPct" : 0.0,
    "meanResTime" : 1493.356,
    "medianResTime" : 1424.5,
    "minResTime" : 308.0,
    "maxResTime" : 3530.0,
    "pct1ResTime" : 2445.0,
    "pct2ResTime" : 2835.8,
    "pct3ResTime" : 3367.9700000000003,
    "throughput" : 4.745003511302599,
    "receivedKBytesPerSec" : 3.6699636532731037,
    "sentKBytesPerSec" : 1.8766859590601097
  },
  "POST Seller Product" : {
    "transaction" : "POST Seller Product",
    "sampleCount" : 500,
    "errorCount" : 0,
    "errorPct" : 0.0,
    "meanResTime" : 2495.369999999998,
    "medianResTime" : 2467.0,
    "minResTime" : 1387.0,
    "maxResTime" : 4024.0,
    "pct1ResTime" : 3300.7000000000003,
    "pct2ResTime" : 3576.2,
    "pct3ResTime" : 3959.3400000000006,
    "throughput" : 4.69034352075946,
    "receivedKBytesPerSec" : 1.5298581405602145,
    "sentKBytesPerSec" : 785.3842813103881
  },
  "POST User Login" : {
    "transaction" : "POST User Login",
    "sampleCount" : 500,
    "errorCount" : 0,
    "errorPct" : 0.0,
    "meanResTime" : 932.9600000000004,
    "medianResTime" : 865.5,
    "minResTime" : 372.0,
    "maxResTime" : 2562.0,
    "pct1ResTime" : 1430.9000000000003,
    "pct2ResTime" : 1606.3999999999999,
    "pct3ResTime" : 2141.6800000000003,
    "throughput" : 4.7664442326024785,
    "receivedKBytesPerSec" : 2.392531577693041,
    "sentKBytesPerSec" : 1.633810474261201
  },
  "GET Buyer Product" : {
    "transaction" : "GET Buyer Product",
    "sampleCount" : 500,
    "errorCount" : 0,
    "errorPct" : 0.0,
    "meanResTime" : 3369.956000000001,
    "medianResTime" : 2832.5,
    "minResTime" : 1667.0,
    "maxResTime" : 16247.0,
    "pct1ResTime" : 5279.400000000009,
    "pct2ResTime" : 7448.9,
    "pct3ResTime" : 13097.750000000007,
    "throughput" : 4.453033851963342,
    "receivedKBytesPerSec" : 1619.499703038305,
    "sentKBytesPerSec" : 1.1915344486698787
  },
  "GET Buyer Order" : {
    "transaction" : "GET Buyer Order",
    "sampleCount" : 500,
    "errorCount" : 0,
    "errorPct" : 0.0,
    "meanResTime" : 1423.6779999999992,
    "medianResTime" : 1414.0,
    "minResTime" : 345.0,
    "maxResTime" : 3143.0,
    "pct1ResTime" : 2293.7000000000003,
    "pct2ResTime" : 2606.6,
    "pct3ResTime" : 3047.4600000000014,
    "throughput" : 4.505032120879022,
    "receivedKBytesPerSec" : 77.5842201676773,
    "sentKBytesPerSec" : 1.7465798359267302
  },
  "GET Buyer Product Id" : {
    "transaction" : "GET Buyer Product Id",
    "sampleCount" : 500,
    "errorCount" : 0,
    "errorPct" : 0.0,
    "meanResTime" : 855.5020000000004,
    "medianResTime" : 821.0,
    "minResTime" : 330.0,
    "maxResTime" : 2693.0,
    "pct1ResTime" : 1315.6000000000001,
    "pct2ResTime" : 1564.1,
    "pct3ResTime" : 1873.98,
    "throughput" : 4.514305835191723,
    "receivedKBytesPerSec" : 5.06536855921415,
    "sentKBytesPerSec" : 1.0404064229543424
  },
  "GET Buyer Order Id" : {
    "transaction" : "GET Buyer Order Id",
    "sampleCount" : 500,
    "errorCount" : 0,
    "errorPct" : 0.0,
    "meanResTime" : 1101.8480000000025,
    "medianResTime" : 1056.0,
    "minResTime" : 313.0,
    "maxResTime" : 2742.0,
    "pct1ResTime" : 1649.9,
    "pct2ResTime" : 1920.0499999999997,
    "pct3ResTime" : 2652.86,
    "throughput" : 4.503206282873406,
    "receivedKBytesPerSec" : 5.0177327819907775,
    "sentKBytesPerSec" : 1.9833457359139708
  },
  "GET Seller Product" : {
    "transaction" : "GET Seller Product",
    "sampleCount" : 500,
    "errorCount" : 0,
    "errorPct" : 0.0,
    "meanResTime" : 1133.8679999999997,
    "medianResTime" : 1043.5,
    "minResTime" : 320.0,
    "maxResTime" : 3277.0,
    "pct1ResTime" : 1807.9,
    "pct2ResTime" : 2208.75,
    "pct3ResTime" : 2946.2800000000016,
    "throughput" : 4.744238122799859,
    "receivedKBytesPerSec" : 12.59724946864533,
    "sentKBytesPerSec" : 1.8532180167186951
  },
  "POST Buyer Product" : {
    "transaction" : "POST Buyer Product",
    "sampleCount" : 500,
    "errorCount" : 0,
    "errorPct" : 0.0,
    "meanResTime" : 1401.6180000000002,
    "medianResTime" : 1373.0,
    "minResTime" : 301.0,
    "maxResTime" : 3967.0,
    "pct1ResTime" : 2389.2000000000007,
    "pct2ResTime" : 2651.85,
    "pct3ResTime" : 3596.63,
    "throughput" : 4.511128955132311,
    "receivedKBytesPerSec" : 1.5198627827350073,
    "sentKBytesPerSec" : 2.202699685123199
  },
  "Total" : {
    "transaction" : "Total",
    "sampleCount" : 6000,
    "errorCount" : 199,
    "errorPct" : 3.3166666,
    "meanResTime" : 1531.9464999999973,
    "medianResTime" : 1292.0,
    "minResTime" : 301.0,
    "maxResTime" : 16247.0,
    "pct1ResTime" : 2783.800000000001,
    "pct2ResTime" : 3216.749999999999,
    "pct3ResTime" : 4596.719999999972,
    "throughput" : 50.29759409841562,
    "receivedKBytesPerSec" : 1631.358265898755,
    "sentKBytesPerSec" : 722.7412745462738
  },
  "DEL Seller Product Id" : {
    "transaction" : "DEL Seller Product Id",
    "sampleCount" : 500,
    "errorCount" : 0,
    "errorPct" : 0.0,
    "meanResTime" : 1038.4719999999988,
    "medianResTime" : 1002.0,
    "minResTime" : 329.0,
    "maxResTime" : 2856.0,
    "pct1ResTime" : 1533.2000000000003,
    "pct2ResTime" : 1786.6499999999999,
    "pct3ResTime" : 2466.1100000000015,
    "throughput" : 4.7497363896303755,
    "receivedKBytesPerSec" : 1.5863377395054574,
    "sentKBytesPerSec" : 2.277461491512221
  },
  "PUT Buyer Order Id" : {
    "transaction" : "PUT Buyer Order Id",
    "sampleCount" : 500,
    "errorCount" : 0,
    "errorPct" : 0.0,
    "meanResTime" : 1830.5840000000014,
    "medianResTime" : 1682.0,
    "minResTime" : 309.0,
    "maxResTime" : 4357.0,
    "pct1ResTime" : 3260.7000000000003,
    "pct2ResTime" : 3639.5499999999997,
    "pct3ResTime" : 4244.620000000001,
    "throughput" : 4.510721986161105,
    "receivedKBytesPerSec" : 2.9205162859617313,
    "sentKBytesPerSec" : 2.123210934892239
  },
  "POST User Register" : {
    "transaction" : "POST User Register",
    "sampleCount" : 500,
    "errorCount" : 199,
    "errorPct" : 39.8,
    "meanResTime" : 1306.1460000000018,
    "medianResTime" : 1259.5,
    "minResTime" : 317.0,
    "maxResTime" : 2908.0,
    "pct1ResTime" : 2040.8000000000002,
    "pct2ResTime" : 2363.2,
    "pct3ResTime" : 2706.83,
    "throughput" : 4.723442444853809,
    "receivedKBytesPerSec" : 2.322429930683482,
    "sentKBytesPerSec" : 5.153220354494355
  }
}